date,persona,dailyPnL,dailyVolume,classification,value
2023-05-01,2,0.0,477.0,Greed,63.0
2023-12-05,1,0.0,50005.83,Extreme Greed,75.0
2023-12-14,1,-205.43473700000007,113203.35,Greed,72.0
2023-12-15,1,-24.632033999999997,10609.95,Greed,70.0
2023-12-16,1,0.0,15348.77,Greed,67.0
2023-12-17,1,304.982785,116278.02,Greed,73.0
2023-12-18,1,0.0,31164.179999999997,Greed,65.0
2023-12-19,1,1000.5386120000001,91602.41,Greed,73.0
2023-12-20,1,162.732282,141636.79,Greed,74.0
2023-12-21,1,537.211402,125233.97,Greed,70.0
2023-12-22,1,141.832675,88874.28,Greed,74.0
2023-12-23,1,146.936704,78438.25,Greed,70.0
2023-12-24,1,1008.619956,402954.94,Greed,71.0
2023-12-25,1,-245.081348,59948.51,Greed,73.0
2023-12-27,1,-704.8892269999999,171411.06,Greed,73.0
2023-12-28,1,-970.730876,100117.25,Greed,73.0
2023-12-29,1,508.92214299999995,569559.72,Greed,65.0
2023-12-30,1,354.998648,702550.21,Greed,68.0
2024-01-01,1,-129.53146,264239.52999999997,Greed,65.0
2024-01-02,1,783.979116,121348.74,Greed,71.0
2024-01-03,1,866.015507,394499.36,Greed,70.0
2024-01-04,1,-67.60364,99792.54000000001,Greed,68.0
2024-01-05,1,164.141565,1703942.66,Greed,72.0
2024-01-06,1,135.58166400000002,298521.4,Greed,70.0
2024-01-07,1,-835.681235,1048850.06,Greed,71.0
2024-01-08,1,-269.874439,1522452.43,Greed,71.0
2024-01-09,1,-826.349863,870051.97,Extreme Greed,76.0
2024-01-10,1,-1517.091342,2057479.48,Greed,73.0
2024-01-11,1,-164.08950099999998,259180.22999999998,Extreme Greed,76.0
2024-01-11,2,0.0,46133.87,Extreme Greed,76.0
2024-01-12,1,-1925.519024,200082.27,Greed,71.0
2024-01-15,1,0.0,50006.24,Neutral,52.0
2024-01-15,2,152.85358,629.86,Neutral,52.0
2024-01-16,1,939.6285419999999,52945.25,Greed,64.0
2024-01-16,2,-3238.8,63482.08,Greed,64.0
2024-01-17,1,813.2741110000001,800831.03,Greed,60.0
2024-01-18,1,68.93319,424631.52999999997,Greed,63.0
2024-01-19,1,-385.215235,426902.16,Neutral,51.0
2024-01-19,2,-0.20400000000000001,1526.81,Neutral,51.0
2024-01-20,1,-146.57487000000003,1070090.51,Neutral,52.0
2024-01-21,1,266.58114600000005,103129.74,Greed,56.0
2024-01-22,1,209.39217099999996,283856.41,Greed,55.0
2024-01-22,2,1166.248788,54022.58,Greed,55.0
2024-01-23,1,-369.2447299999998,414518.93000000005,Neutral,50.0
2024-01-24,1,-2808.353815,965084.59,Neutral,48.0
2024-01-25,1,-3093.6293849999997,66566.13,Neutral,52.0
2024-01-26,1,0.0,2517.41,Neutral,49.0
2024-01-26,2,90.2,9255.8,Neutral,49.0
2024-01-28,2,-2478.06972,18109.03,Neutral,54.0
2024-01-29,1,484.847102,412139.32,Greed,55.0
2024-01-29,2,1.71544,2068.8599999999997,Greed,55.0
2024-01-30,1,-173.65419100000003,401011.38,Greed,61.0
2024-01-31,1,-799.840817,6305647.13,Greed,60.0
2024-02-01,1,0.0,2008.18,Greed,63.0
2024-02-02,1,456.423473,474278.43,Greed,63.0
2024-02-03,1,223.30918699999998,603820.0,Greed,60.0
2024-02-04,1,47.62389499999999,203187.53,Greed,60.0
2024-02-05,1,-33.45419400000003,770198.26,Greed,60.0
2024-02-06,1,-215.615907,8047153.41,Greed,64.0
2024-02-07,1,241.24212,6758.73,Greed,62.0
2024-02-08,1,770.756024,26051.12,Greed,66.0
2024-02-11,1,983.443176,212311.82,Greed,71.0
2024-02-12,1,913.8817869999998,227247.69999999998,Greed,70.0
2024-02-13,1,559.44389,1999.99,Extreme Greed,79.0
2024-02-14,1,191.29666400000002,102701.18,Greed,74.0
2024-02-14,2,3639.3031690000003,218138.7,Greed,74.0
2024-02-15,1,816.0903969999999,108750.16,Greed,72.0
2024-02-15,2,1024.70728,76437.88,Greed,72.0
2024-02-16,1,0.0,100752.64,Greed,72.0
2024-02-16,2,5491.768834,464143.87,Greed,72.0
2024-02-17,1,259.62944200000004,203758.88,Extreme Greed,76.0
2024-02-17,2,1670.012358,202359.19,Extreme Greed,76.0
2024-02-18,2,477.6248299999999,157048.17,Greed,72.0
2024-02-19,1,-8.05898,50003.09,Extreme Greed,75.0
2024-02-19,2,4325.827543,236374.11,Extreme Greed,75.0
2024-02-20,1,210.315294,1710.3,Greed,72.0
2024-02-20,2,3053.31353,117709.42,Greed,72.0
2024-02-21,1,0.0,10005.6,Extreme Greed,78.0
2024-02-21,2,1858.7985700000002,98041.92,Extreme Greed,78.0
2024-02-22,1,0.0,5000.64,Greed,74.0
2024-02-22,2,3894.1050699999996,368033.23,Greed,74.0
2024-02-23,2,1418.55293,111106.14,Extreme Greed,76.0
2024-02-25,2,-30.7705,4480.13,Greed,74.0
2024-02-26,1,0.0,499.96999999999997,Greed,72.0
2024-02-26,2,4416.8473,191687.17,Greed,72.0
2024-02-27,1,576.38114,2576.32,Extreme Greed,79.0
2024-02-27,2,312.130593,206785.98,Extreme Greed,79.0
2024-02-28,2,2503.747235,171107.13,Extreme Greed,82.0
2024-02-29,1,1320.804256,24827.09,Extreme Greed,80.0
2024-02-29,2,8493.192736,370839.64,Extreme Greed,80.0
2024-03-01,2,8244.241409,472974.7,Extreme Greed,80.0
2024-03-02,1,-1443.814567,2943.77,Extreme Greed,80.0
2024-03-02,2,1674.715167,60253.79,Extreme Greed,80.0
2024-03-03,2,8361.086245,390745.68,Extreme Greed,83.0
2024-03-04,1,1026.004099,3776.71,Extreme Greed,82.0
2024-03-04,2,26773.771643,1574220.16,Extreme Greed,82.0
2024-03-05,2,19791.026041,841810.32,Extreme Greed,90.0
2024-03-06,2,6814.825139,327218.02,Extreme Greed,75.0
2024-03-08,2,4271.886236,183583.18,Extreme Greed,81.0
2024-03-09,2,9949.501624,658178.75,Extreme Greed,84.0
2024-03-10,2,2482.9272,219973.85,Extreme Greed,79.0
2024-03-11,2,3588.179495,176519.44999999998,Extreme Greed,82.0
2024-03-12,2,3039.166,103040.85,Extreme Greed,81.0
2024-03-13,0,0.0,6000.799999999999,Extreme Greed,81.0
2024-03-14,0,65.480454,6066.28,Extreme Greed,88.0
2024-03-14,2,3400.385378,199866.9,Extreme Greed,88.0
2024-03-15,0,338.42832,26339.81,Extreme Greed,83.0
2024-03-15,1,388.830831,75909.83,Extreme Greed,83.0
2024-03-15,2,5509.2545,249644.77,Extreme Greed,83.0
2024-03-16,0,228.57984,27223.66,Extreme Greed,81.0
2024-03-16,1,0.0,10000.0,Extreme Greed,81.0
2024-03-17,0,429.683075,87063.35,Extreme Greed,79.0
2024-03-17,1,0.0,7502.61,Extreme Greed,79.0
2024-03-17,2,73.61088,4940.99,Extreme Greed,79.0
2024-03-18,0,0.0,34001.9,Extreme Greed,77.0
2024-03-18,1,212.3193,5214.47,Extreme Greed,77.0
2024-03-18,2,1244.6384,51241.71,Extreme Greed,77.0
2024-03-19,0,0.0,9067.51,Extreme Greed,79.0
2024-03-19,1,-174.00152,29828.420000000002,Extreme Greed,79.0
2024-03-19,2,842.799493,180988.91,Extreme Greed,79.0
2024-03-20,1,3829.986976,71343.41,Greed,74.0
2024-03-20,2,2593.147623,144362.44,Greed,74.0
2024-03-21,0,0.0,9744.18,Extreme Greed,78.0
2024-03-21,1,238.326075,10243.210000000001,Extreme Greed,78.0
2024-03-21,2,2097.182,97908.18,Extreme Greed,78.0
2024-03-24,2,1297.018477,92592.20999999999,Greed,74.0
2024-03-25,0,1302.916428,57116.32,Extreme Greed,75.0
2024-03-26,0,20.599193,23986.34,Extreme Greed,81.0
2024-03-26,2,3195.3074,174578.85,Extreme Greed,81.0
2024-03-27,0,189.192,87066.1,Extreme Greed,83.0
2024-03-27,2,-38.78086,12798.689999999999,Extreme Greed,83.0
2024-03-28,0,0.0,20013.89,Extreme Greed,80.0
2024-03-28,2,227.85100799999998,15309.83,Extreme Greed,80.0
2024-03-29,0,883.097404,86914.37,Extreme Greed,79.0
2024-03-30,2,1100.57514,101103.92,Extreme Greed,75.0
2024-03-31,0,912.786145,39912.96,Extreme Greed,75.0
2024-04-01,0,0.840939,134989.44,Extreme Greed,79.0
2024-04-01,2,2507.122467,204481.03,Extreme Greed,79.0
2024-04-02,0,883.760812,224664.62,Extreme Greed,79.0
2024-04-02,1,0.0,14999.89,Extreme Greed,79.0
2024-04-03,1,0.0,9999.66,Greed,71.0
2024-04-03,2,126.7884,6887.91,Greed,71.0
2024-04-04,0,0.0,95987.73,Greed,70.0
2024-04-05,0,4444.4983010000005,172531.56999999998,Extreme Greed,79.0
2024-04-05,1,965.5522159999999,25965.08,Extreme Greed,79.0
2024-04-05,2,5296.433789,305295.15,Extreme Greed,79.0
2024-04-06,0,236.33513399999998,68223.67,Extreme Greed,75.0
2024-04-07,0,0.0,49988.14,Extreme Greed,78.0
2024-04-08,0,0.0,163166.37,Extreme Greed,76.0
2024-04-08,2,1218.4267,48774.27,Extreme Greed,76.0
2024-04-09,0,0.0,57063.840000000004,Extreme Greed,80.0
2024-04-10,0,5207.443414,351735.97,Extreme Greed,78.0
2024-04-11,0,389.743164,76400.96,Extreme Greed,76.0
2024-04-12,0,0.0,149909.08000000002,Extreme Greed,79.0
2024-04-12,1,-2830.444513,30327.6,Extreme Greed,79.0
2024-04-12,2,2237.798674,261851.91,Extreme Greed,79.0
2024-04-13,0,0.0,156188.7,Greed,72.0
2024-04-13,2,6621.451755,330222.55,Greed,72.0
2024-04-14,0,-36565.98544,588765.94,Greed,72.0
2024-04-14,2,461.97292000000004,70396.23,Greed,72.0
2024-04-15,0,0.0,50013.950000000004,Greed,74.0
2024-04-15,2,3774.08872,241097.24,Greed,74.0
2024-04-16,2,2467.702221,181907.17,Greed,65.0
2024-04-17,2,2441.4683999999997,97562.99,Greed,67.0
2024-04-19,0,1946.4454620000001,337257.92000000004,Greed,66.0
2024-04-20,0,0.0,11999.59,Greed,66.0
2024-04-20,3,0.0,48733.65,Greed,66.0
2024-04-22,0,0.0,47993.61,Greed,73.0
2024-04-23,0,759.2148159999999,192658.47,Greed,71.0
2024-04-23,2,360.32138,40396.43,Greed,71.0
2024-04-24,0,279.185907,141275.24,Greed,72.0
2024-04-25,0,0.0,68979.14,Greed,72.0
2024-04-25,3,0.0,51261.869999999995,Greed,72.0
2024-04-26,1,0.0,4988.290000000001,Greed,70.0
2024-04-27,0,4281.488139,154264.47,Greed,67.0
2024-04-28,0,0.0,26999.41,Greed,65.0
2024-04-28,1,0.0,16986.19,Greed,65.0
2024-04-29,0,526.9338359999999,104475.19,Greed,67.0
2024-04-29,1,0.0,4223.82,Greed,67.0
2024-04-30,0,0.0,125018.75,Greed,67.0
2024-05-01,0,0.0,87025.45,Neutral,54.0
2024-05-03,0,5319.861625,277373.29,Neutral,48.0
2024-05-03,1,0.0,4978.85,Neutral,48.0
2024-05-03,2,-13.844579999999999,330.51,Neutral,48.0
2024-05-04,0,0.0,53999.340000000004,Greed,67.0
2024-05-04,1,0.0,4999.41,Greed,67.0
2024-05-05,0,0.0,23986.050000000003,Greed,69.0
2024-05-05,2,0.916,82.3,Greed,69.0
2024-05-06,0,968.59038,206016.43,Greed,71.0
2024-05-07,0,656.21704,98901.26000000001,Greed,68.0
2024-05-07,1,227.320653,9768.73,Greed,68.0
2024-05-07,2,0.0,47.59,Greed,68.0
2024-05-08,0,0.0,65834.19,Greed,64.0
2024-05-08,2,1.56576,139.38,Greed,64.0
2024-05-09,0,1147.595856,216990.58,Greed,55.0
2024-05-09,1,0.0,4975.54,Greed,55.0
2024-05-10,0,2101.741695,156882.0,Greed,66.0
2024-05-11,0,251.604742,63248.95,Neutral,53.0
2024-05-12,0,0.0,45004.64,Greed,56.0
2024-05-12,1,0.0,10174.92,Greed,56.0
2024-05-13,0,2136.853859,188144.09,Greed,57.0
2024-05-13,1,0.0,4974.81,Greed,57.0
2024-05-14,0,1150.5233050000002,145853.4,Greed,66.0
2024-05-15,0,948.970582,234922.57,Greed,64.0
2024-05-16,0,214.5898,158780.89,Greed,70.0
2024-05-16,1,0.0,3840.0699999999997,Greed,70.0
2024-05-18,0,3522.3946610000003,126303.14,Greed,73.0
2024-05-19,0,0.0,29998.09,Greed,72.0
2024-05-20,0,0.0,33003.4,Greed,70.0
2024-05-20,1,-74.818442,5121.35,Greed,70.0
2024-05-21,0,6017.309216,482127.94,Extreme Greed,76.0
2024-05-21,1,1272.088356,618820.65,Extreme Greed,76.0
2024-05-22,0,0.0,44995.29,Extreme Greed,76.0
2024-05-23,1,413.347329,401840.04,Extreme Greed,76.0
2024-05-23,2,0.0,10.56,Extreme Greed,76.0
2024-05-24,1,821.949278,50811.899999999994,Greed,74.0
2024-05-25,1,14.126038999999999,29991.129999999997,Extreme Greed,76.0
2024-05-26,1,778.6839,53976.67,Extreme Greed,75.0
2024-05-27,1,1129.35587,151115.72,Greed,74.0
2024-05-29,1,277.791953,53701.42,Greed,72.0
2024-05-29,2,0.0,30567.34,Greed,72.0
2024-05-30,1,20.951433,2838.09,Greed,73.0
2024-05-31,1,25.35812,3636.14,Greed,73.0
2024-06-01,1,91.510419,12834.62,Greed,72.0
2024-06-02,1,192.906947,29464.51,Greed,73.0
2024-06-03,1,562.808208,21466.86,Greed,73.0
2024-06-04,1,52.211438,24243.41,Greed,73.0
2024-06-05,1,56.055506,25350.77,Extreme Greed,75.0
2024-06-06,1,274.173187,137557.76,Extreme Greed,78.0
2024-06-07,0,7329.223137999999,785972.7,Extreme Greed,77.0
2024-06-07,1,1573.244278,312616.06,Extreme Greed,77.0
2024-06-08,0,0.0,45002.65,Greed,72.0
2024-06-08,1,129.13883900000002,52349.229999999996,Greed,72.0
2024-06-09,0,0.0,20999.96,Extreme Greed,75.0
2024-06-09,1,0.0,1410.26,Extreme Greed,75.0
2024-06-10,0,0.0,24000.3,Greed,72.0
2024-06-10,1,31.266804999999998,22587.63,Greed,72.0
2024-06-11,0,0.0,276003.46,Greed,74.0
2024-06-11,1,4320.631811,97276.45999999999,Greed,74.0
2024-06-12,1,-21886.531493,193407.96,Greed,72.0
2024-06-13,1,6634.160155,132565.25,Greed,70.0
2024-06-13,2,-1.40304,11.97,Greed,70.0
2024-06-14,0,0.0,97988.96,Greed,74.0
2024-06-14,1,10258.592609,41879.7,Greed,74.0
2024-06-15,0,2084.433906,592097.63,Greed,74.0
2024-06-15,1,1285.5244400000001,126252.62,Greed,74.0
2024-06-16,1,0.0,25235.079999999998,Greed,71.0
2024-06-17,0,1268.7590360000002,252491.58,Greed,71.0
2024-06-17,1,9330.743339,115888.54000000001,Greed,71.0
2024-06-18,0,0.0,62998.22,Greed,74.0
2024-06-18,1,282.57636,200316.57,Greed,74.0
2024-06-19,0,2053.973644,190061.52,Greed,64.0
2024-06-19,1,2833.6833,203841.21,Greed,64.0
2024-06-19,3,0.0,23168.39,Greed,64.0
2024-06-20,0,0.0,29997.36,Greed,60.0
2024-06-20,1,0.0,8485.69,Greed,60.0
2024-06-20,3,57478.456026,169507.75,Greed,60.0
2024-06-21,0,773.5582039999999,74216.28,Greed,63.0
2024-06-21,1,0.0,102048.20999999999,Greed,63.0
2024-06-22,0,0.0,18000.21,Neutral,53.0
2024-06-22,1,756.876565,151594.06,Neutral,53.0
2024-06-23,1,0.0,1792.12,Greed,55.0
2024-06-24,0,0.0,252007.37,Neutral,51.0
2024-06-24,1,0.0,150995.43,Neutral,51.0
2024-06-25,1,4869.353105,103099.08,Fear,30.0
2024-06-26,0,4197.732182,364194.84,Neutral,46.0
2024-06-26,1,0.0,995.8199999999999,Neutral,46.0
2024-06-27,0,0.0,119990.08,Fear,40.0
2024-06-27,1,0.0,10496.869999999999,Fear,40.0
2024-06-29,0,1842.738325,223530.97,Fear,30.0
2024-06-29,1,4307.587820000001,56564.14,Fear,30.0
2024-06-30,0,0.0,29999.27,Neutral,47.0
2024-06-30,1,0.0,521.4200000000001,Neutral,47.0
2024-07-01,0,1202.488212,97200.55,Neutral,53.0
2024-07-01,1,3863.351096,265469.6,Neutral,53.0
2024-07-02,1,2421.253116,33347.47,Neutral,51.0
2024-07-03,0,1118.387284,103880.08,Neutral,50.0
2024-07-03,1,0.0,75720.58,Neutral,50.0
2024-07-04,0,0.0,255022.22,Fear,44.0
2024-07-04,1,0.0,175545.79,Fear,44.0
2024-07-05,0,0.0,270298.74,Fear,29.0
2024-07-05,1,0.0,1991.15,Fear,29.0
2024-07-06,1,108.87217799999999,2490.17,Fear,26.0
2024-07-07,1,61.428942,498.75,Fear,29.0
2024-07-08,1,0.0,497.64,Fear,28.0
2024-07-09,1,648.984412,2736.45,Fear,27.0
2024-07-10,0,11595.627026,671917.11,Fear,28.0
2024-07-10,1,382.10788099999996,15983.1,Fear,28.0
2024-07-11,0,1876.812082,169887.02,Fear,29.0
2024-07-12,0,0.0,76006.65,Fear,25.0
2024-07-12,1,1412.314654,13576.32,Fear,25.0
2024-07-13,0,2678.839374,138690.01,Fear,25.0
2024-07-13,1,234.778463,499.18,Fear,25.0
2024-07-14,0,0.0,84001.13,Fear,33.0
2024-07-15,0,0.0,167993.85,Neutral,52.0
2024-07-15,2,-1.0,30351.0,Neutral,52.0
2024-07-16,0,0.0,144000.57,Greed,65.0
2024-07-17,0,0.0,164934.32,Greed,69.0
2024-07-17,1,1859.269477,461071.21,Greed,69.0
2024-07-18,0,2569.979964,642356.11,Greed,61.0
2024-07-18,1,1233.9043470000001,7348.74,Greed,61.0
2024-07-19,0,2120.091364,146122.7,Greed,60.0
2024-07-19,1,35.79975,4146.72,Greed,60.0
2024-07-20,0,129.66130099999998,99879.67,Greed,74.0
2024-07-20,1,2169.508265,144482.54,Greed,74.0
2024-07-21,0,0.0,43995.18,Greed,74.0
2024-07-21,1,-2960.716887,190312.28,Greed,74.0
2024-07-22,0,2273.29301,225308.37,Greed,70.0
2024-07-22,1,-756.173134,78905.43,Greed,70.0
2024-07-23,0,0.0,23994.47,Greed,71.0
2024-07-23,1,1805.309858,88984.63,Greed,71.0
2024-07-23,3,88084.992348,245547.44,Greed,71.0
2024-07-24,0,0.0,28011.55,Greed,69.0
2024-07-24,1,625.561479,41194.43,Greed,69.0
2024-07-24,2,0.0,1.28,Greed,69.0
2024-07-24,3,0.0,0.67,Greed,69.0
2024-07-25,0,0.0,519380.44,Greed,68.0
2024-07-25,1,916.7382600000001,9173.93,Greed,68.0
2024-07-25,3,0.0,0.94,Greed,68.0
2024-07-26,0,0.0,150009.65,Greed,68.0
2024-07-26,1,2766.513113,398577.19,Greed,68.0
2024-07-26,2,0.0,0.81,Greed,68.0
2024-07-27,0,6400.623656,900756.99,Greed,72.0
2024-07-27,1,0.0,4442.76,Greed,72.0
2024-07-28,0,0.0,31999.690000000002,Greed,71.0
2024-07-28,1,587.29903,11254.99,Greed,71.0
2024-07-29,1,330.80445399999996,327199.14,Greed,74.0
2024-07-30,0,0.0,36006.47,Greed,67.0
2024-07-31,0,0.0,40005.14,Greed,61.0
2024-07-31,1,765.690884,44501.4,Greed,61.0
2024-08-01,0,0.0,143995.01,Neutral,52.0
2024-08-01,1,167.080017,83778.78,Neutral,52.0
2024-08-01,2,0.0,0.74,Neutral,52.0
2024-08-02,0,0.0,295967.16,Greed,57.0
2024-08-02,1,782.3681909999999,100353.21,Greed,57.0
2024-08-03,0,0.0,112478.98999999999,Fear,37.0
2024-08-03,1,464.1897,29546.23,Fear,37.0
2024-08-03,2,0.0,148507.63999999998,Fear,37.0
2024-08-04,0,-108604.496278,901551.09,Fear,34.0
2024-08-04,1,109.005815,171263.1,Fear,34.0
2024-08-04,2,-14176.51042,134929.88,Fear,34.0
2024-08-05,0,-4779.219012,213738.16,Fear,26.0
2024-08-05,1,-8234.446157,186649.63,Fear,26.0
2024-08-05,2,0.0,20107.61,Fear,26.0
2024-08-06,1,51.56325,60707.38,Extreme Fear,17.0
2024-08-06,2,215.754798,771.0,Extreme Fear,17.0
2024-08-07,1,188.789255,1992.73,Fear,29.0
2024-08-07,2,0.0,500.04,Fear,29.0
2024-08-08,1,0.0,15840.07,Extreme Fear,20.0
2024-08-08,2,-40.712216999999995,459.28,Extreme Fear,20.0
2024-08-09,0,11147.900554,132038.0,Neutral,48.0
2024-08-09,1,6934.170722,370666.74,Neutral,48.0
2024-08-09,2,0.0,500.0,Neutral,48.0
2024-08-09,3,0.0,0.12,Neutral,48.0
2024-08-10,1,0.0,11338.61,Fear,40.0
2024-08-10,3,0.0,0.68,Fear,40.0
2024-08-11,0,847.7766200000001,40839.850000000006,Fear,39.0
2024-08-11,1,0.0,3390.36,Fear,39.0
2024-08-12,0,858.6705000000001,44140.4,Fear,25.0
2024-08-12,1,0.0,10026.31,Fear,25.0
2024-08-12,3,0.0,0.61,Fear,25.0
2024-08-13,0,0.0,12500.1,Fear,31.0
2024-08-13,1,212.08102,8297.1,Fear,31.0
2024-08-13,3,0.0,0.67,Fear,31.0
2024-08-14,0,2168.9015130000003,64666.34,Fear,30.0
2024-08-14,1,0.0,2043.16,Fear,30.0
2024-08-14,3,0.0,0.53,Fear,30.0
2024-08-15,1,0.0,1522.3700000000001,Fear,29.0
2024-08-16,0,0.0,12500.130000000001,Fear,27.0
2024-08-16,1,825.230544,153882.71,Fear,27.0
2024-08-17,2,-288.283113,30248.96,Fear,25.0
2024-08-18,0,307.201888,62804.47,Fear,31.0
2024-08-18,2,0.0,0.01,Fear,31.0
2024-08-19,1,339.69958299999996,100315.03,Fear,28.0
2024-08-20,0,192.602844,42417.87,Fear,30.0
2024-08-20,1,0.0,7496.93,Fear,30.0
2024-08-21,1,656.200925,102990.13,Fear,26.0
2024-08-21,2,0.0,2000.28,Fear,26.0
2024-08-23,0,1005.30527,63509.56,Fear,34.0
2024-08-24,0,0.0,15000.07,Greed,56.0
2024-08-24,1,0.0,19999.6,Greed,56.0
2024-08-25,0,0.0,14996.33,Neutral,54.0
2024-08-25,1,0.0,6953.95,Neutral,54.0
2024-08-26,0,231.236918,92263.52,Greed,55.0
2024-08-26,1,0.0,347.75,Greed,55.0
2024-08-27,0,0.0,65005.19,Neutral,48.0
2024-08-27,1,0.0,5244.97,Neutral,48.0
2024-08-28,0,0.0,47494.56,Fear,30.0
2024-08-28,1,1333.359645,23665.510000000002,Fear,30.0
2024-08-29,1,0.0,9995.85,Fear,29.0
2024-08-30,0,0.0,27492.550000000003,Fear,34.0
2024-08-30,1,256.464,9739.38,Fear,34.0
2024-08-30,2,0.0,0.69,Fear,34.0
2024-08-30,3,0.0,0.62,Fear,34.0
2024-08-31,1,10.882801,107506.47,Fear,29.0
2024-08-31,3,0.0,0.96,Fear,29.0
2024-09-01,1,137.433093,12359.68,Fear,26.0
2024-09-02,0,0.0,30000.42,Fear,26.0
2024-09-04,0,0.0,35004.98,Fear,27.0
2024-09-04,1,1065.785132,96475.99,Fear,27.0
2024-09-05,2,0.0,0.84,Fear,29.0
2024-09-06,0,0.0,34990.67,Extreme Fear,22.0
2024-09-06,1,-1104.856765,4056.43,Extreme Fear,22.0
2024-09-08,2,0.0,0.11,Fear,29.0
2024-09-09,1,0.0,4014.4300000000003,Fear,26.0
2024-09-10,1,0.0,766.74,Fear,33.0
2024-09-10,2,-219.729659,1780.54,Fear,33.0
2024-09-11,3,0.0,0.54,Fear,37.0
2024-09-14,1,0.0,1014.1500000000001,Neutral,50.0
2024-09-14,3,0.0,0.65,Neutral,50.0
2024-09-18,1,-878.684794,13633.5,Neutral,45.0
2024-09-19,1,0.0,1521.8700000000001,Neutral,49.0
2024-09-20,0,9585.03428,304571.61,Neutral,54.0
2024-09-20,3,0.0,28301.77,Neutral,54.0
2024-09-21,3,36165.56933,165648.12,Neutral,54.0
2024-09-22,0,0.0,19999.739999999998,Neutral,52.0
2024-09-23,0,334.760796,40334.29,Neutral,50.0
2024-09-24,1,0.0,1005.0600000000001,Neutral,54.0
2024-09-24,3,0.0,6113.57,Neutral,54.0
2024-09-25,0,0.0,50001.11,Greed,59.0
2024-09-25,3,0.0,2753.02,Greed,59.0
2024-09-26,0,439.812513,80440.42,Neutral,50.0
2024-09-26,3,0.0,33271.51,Neutral,50.0
2024-09-27,0,0.0,99992.31999999999,Greed,61.0
2024-09-27,3,0.0,26104.72,Greed,61.0
2024-09-28,3,0.0,29199.21,Greed,64.0
2024-09-30,0,2710.626288,177280.9,Greed,61.0
2024-09-30,3,0.0,37388.95,Greed,61.0
2024-10-01,0,0.0,139954.32,Neutral,50.0
2024-10-02,0,0.0,99954.34,Fear,42.0
2024-10-03,0,0.0,120009.0,Fear,37.0
2024-10-03,2,100.375782,12926.69,Fear,37.0
2024-10-04,1,0.0,0.34,Fear,41.0
2024-10-05,0,5767.161892,605605.13,Neutral,49.0
2024-10-05,3,0.0,0.61,Neutral,49.0
2024-10-06,0,130.487079,300130.56,Neutral,50.0
2024-10-07,0,0.0,219984.65,Neutral,50.0
2024-10-08,0,5396.546638,434583.55,Neutral,49.0
2024-10-08,1,0.0,0.58,Neutral,49.0
2024-10-09,0,396.06272,220399.93,Neutral,49.0
2024-10-10,0,0.0,300024.33999999997,Fear,39.0
2024-10-11,0,8885.327477,488903.45999999996,Fear,32.0
2024-10-11,3,0.0,0.73,Fear,32.0
2024-10-12,0,541.55471,159713.4,Neutral,49.0
2024-10-13,0,0.0,60002.42,Neutral,50.0
2024-10-14,0,1913.61958,61916.020000000004,Neutral,48.0
2024-10-15,0,1170.2260760000001,81173.36,Greed,65.0
2024-10-16,0,219.480876,80229.17,Greed,73.0
2024-10-17,0,36.11496,140032.03,Greed,71.0
2024-10-17,2,0.0,499.72,Greed,71.0
2024-10-18,0,333.219141,120331.43000000001,Greed,73.0
2024-10-19,0,0.0,99996.86,Greed,72.0
2024-10-20,0,229.060526,120225.71,Greed,73.0
2024-10-20,1,160.095271,56222.15,Greed,73.0
2024-10-21,0,0.0,150024.18,Greed,72.0
2024-10-21,1,2464.915564,174093.81,Greed,72.0
2024-10-22,0,0.0,60000.36,Greed,70.0
2024-10-23,0,-46.489941,210006.07,Greed,71.0
2024-10-25,0,4543.862071,404587.18,Greed,72.0
2024-10-25,3,8692.0,23296.0,Greed,72.0
2024-10-26,3,42471.99413,88668.86,,
2024-10-27,0,666.6623079999999,90664.41,Greed,74.0
2024-10-28,0,0.0,119994.32,Greed,72.0
2024-10-28,2,167.28016200000002,1500.9299999999998,Greed,72.0
2024-10-29,0,0.0,602574.92,Greed,72.0
2024-10-29,1,801.170876,10692.89,Greed,72.0
2024-10-30,1,9.150023,11830.85,Extreme Greed,77.0
2024-10-31,0,765.475192,853642.02,Extreme Greed,77.0
2024-10-31,1,451.122034,12581.84,Extreme Greed,77.0
2024-10-31,2,-2.5534149999999998,29949.5,Extreme Greed,77.0
2024-11-01,0,1040.5747959999999,231031.1,Extreme Greed,75.0
2024-11-01,2,-0.09906000000000104,29949.93,Extreme Greed,75.0
2024-11-02,0,0.0,40000.0,Greed,72.0
2024-11-03,0,0.0,109994.34,Greed,74.0
2024-11-03,2,0.0,19061.32,Greed,74.0
2024-11-04,0,2259.351364,432210.64,Greed,70.0
2024-11-04,2,540.05911,19601.33,Greed,70.0
2024-11-05,0,678.4759280000001,200627.23,Greed,70.0
2024-11-06,0,2821.24842,121906.38,Greed,70.0
2024-11-06,2,-3.41119,2000.52,Greed,70.0
2024-11-07,0,628.96246,60628.85,Extreme Greed,77.0
2024-11-07,2,3864.390676,50706.45,Extreme Greed,77.0
2024-11-08,0,646.3734049999999,240641.63,Extreme Greed,75.0
2024-11-08,2,-710.786946,30058.81,Extreme Greed,75.0
2024-11-09,0,0.0,150000.41,Extreme Greed,75.0
2024-11-09,1,102.90894,43384.0,Extreme Greed,75.0
2024-11-10,0,548.36595,180546.95,Extreme Greed,78.0
2024-11-10,1,442.748384,223252.87,Extreme Greed,78.0
2024-11-10,2,0.0,9836.88,Extreme Greed,78.0
2024-11-11,0,1479.677222,331422.14,Extreme Greed,76.0
2024-11-11,1,4876.874304,328040.19,Extreme Greed,76.0
2024-11-11,2,393.07947,10229.96,Extreme Greed,76.0
2024-11-11,3,0.0,900880.13,Extreme Greed,76.0
2024-11-12,0,2053.119744,1062217.74,Extreme Greed,80.0
2024-11-12,1,1441.27965,148469.62,Extreme Greed,80.0
2024-11-12,2,0.0,15667.16,Extreme Greed,80.0
2024-11-13,0,7680.907897,487811.82,Extreme Greed,84.0
2024-11-13,1,48.000187,6615.24,Extreme Greed,84.0
2024-11-13,2,117.49419,20909.31,Extreme Greed,84.0
2024-11-14,0,2348.106228,882430.6900000001,Extreme Greed,88.0
2024-11-14,2,2215.402997,125931.12,Extreme Greed,88.0
2024-11-15,0,2003.536586,1360371.8,Extreme Greed,80.0
2024-11-15,1,0.0,1111.6100000000001,Extreme Greed,80.0
2024-11-15,2,2137.203852,66375.01,Extreme Greed,80.0
2024-11-16,0,255.14686999999998,219874.16999999998,Extreme Greed,86.0
2024-11-16,1,1029.846637,54990.47,Extreme Greed,86.0
2024-11-16,2,1484.528402,28431.43,Extreme Greed,86.0
2024-11-17,0,546.624374,620398.38,Extreme Greed,90.0
2024-11-17,1,336.350911,53176.01,Extreme Greed,90.0
2024-11-17,3,0.0,542413.1799999999,Extreme Greed,90.0
2024-11-18,0,3158.176614,942106.09,Extreme Greed,83.0
2024-11-18,1,579.370994,184571.72,Extreme Greed,83.0
2024-11-18,2,733.2675790000001,8281.77,Extreme Greed,83.0
2024-11-18,3,0.0,949380.0,Extreme Greed,83.0
2024-11-19,0,1573.210981,319742.28,Extreme Greed,90.0
2024-11-19,1,1139.61305,275467.12,Extreme Greed,90.0
2024-11-19,2,245.44495999999998,32821.75,Extreme Greed,90.0
2024-11-20,0,2259.775633,838287.08,Extreme Greed,83.0
2024-11-20,1,131.675107,939741.49,Extreme Greed,83.0
2024-11-20,2,1818.642157,221485.55,Extreme Greed,83.0
2024-11-21,0,909.745283,160082.19,Extreme Greed,82.0
2024-11-21,1,780.001314,404827.32,Extreme Greed,82.0
2024-11-21,2,2.684294,33391.11,Extreme Greed,82.0
2024-11-22,0,1825.01255,301850.83,Extreme Greed,94.0
2024-11-22,1,506.657519,537406.31,Extreme Greed,94.0
2024-11-22,2,789.984314,469216.48,Extreme Greed,94.0
2024-11-22,3,-21227.0,338240.0,Extreme Greed,94.0
2024-11-23,0,0.0,60006.729999999996,Extreme Greed,93.0
2024-11-23,1,2113.080918,434600.22000000003,Extreme Greed,93.0
2024-11-23,2,788.45072,21638.73,Extreme Greed,93.0
2024-11-24,0,445.338356,520442.5,Extreme Greed,80.0
2024-11-24,1,500.21203,144509.78,Extreme Greed,80.0
2024-11-25,0,5059.459732,864428.22,Extreme Greed,82.0
2024-11-25,1,464.281002,72982.65,Extreme Greed,82.0
2024-11-26,0,0.0,425026.62,Extreme Greed,79.0
2024-11-26,1,-508.290641,219729.39,Extreme Greed,79.0
2024-11-26,2,0.0,36446.43,Extreme Greed,79.0
2024-11-26,3,1603.1,465700.0,Extreme Greed,79.0
2024-11-27,0,-2848.159792,1256511.88,Extreme Greed,75.0
2024-11-27,1,193.66415899999998,187730.65,Extreme Greed,75.0
2024-11-28,0,1174.315571,338785.3,Extreme Greed,77.0
2024-11-28,1,165.532644,198337.7,Extreme Greed,77.0
2024-11-28,2,3855.7522,40302.17,Extreme Greed,77.0
2024-11-28,3,-132271.0,1316799.98,Extreme Greed,77.0
2024-11-29,0,610.52512,180586.6,Extreme Greed,78.0
2024-11-29,1,32249.224136,123924.26,Extreme Greed,78.0
2024-11-29,2,19126.710833,364893.12,Extreme Greed,78.0
2024-11-29,3,124858.534063,124858.93,Extreme Greed,78.0
2024-11-30,0,850.54514,239121.3,Extreme Greed,84.0
2024-11-30,1,5631.228177,96946.34,Extreme Greed,84.0
2024-11-30,2,30834.920203,279207.29,Extreme Greed,84.0
2024-11-30,3,0.0,1116918.77,Extreme Greed,84.0
2024-12-01,0,337.835516,600205.84,Extreme Greed,81.0
2024-12-01,1,5627.6872029999995,157594.82,Extreme Greed,81.0
2024-12-01,2,34920.841775,56911.16,Extreme Greed,81.0
2024-12-02,0,754.7378,300751.24,Extreme Greed,80.0
2024-12-02,1,1538.001667,32995.14,Extreme Greed,80.0
2024-12-02,2,16196.864846,251497.18,Extreme Greed,80.0
2024-12-03,0,1467.1002210000001,282371.72000000003,Extreme Greed,76.0
2024-12-03,1,1031.663058,23457.440000000002,Extreme Greed,76.0
2024-12-03,2,21077.776006,778837.37,Extreme Greed,76.0
2024-12-04,0,291.35271,261052.41999999998,Extreme Greed,78.0
2024-12-04,1,284065.309039,293567.03,Extreme Greed,78.0
2024-12-04,2,8535.153272,214668.2,Extreme Greed,78.0
2024-12-05,0,1435.68724,761409.11,Extreme Greed,84.0
2024-12-05,1,64685.663749,75406.02,Extreme Greed,84.0
2024-12-05,2,5452.767499,419935.66,Extreme Greed,84.0
2024-12-06,0,7206.315268,1482566.5,Greed,72.0
2024-12-06,1,75389.024561,83956.46,Greed,72.0
2024-12-06,2,391.016332,211869.63999999998,Greed,72.0
2024-12-06,3,-175611.00005600002,1692626.62,Greed,72.0
2024-12-07,0,2342.996384,198481.45,Extreme Greed,75.0
2024-12-07,1,79007.634679,93729.68,Extreme Greed,75.0
2024-12-07,2,4555.648004000001,159522.29,Extreme Greed,75.0
2024-12-08,0,0.0,59993.63,Extreme Greed,79.0
2024-12-08,1,15760.405018,838809.29,Extreme Greed,79.0
2024-12-08,2,205.528418,34136.8,Extreme Greed,79.0
2024-12-09,0,2350.499742,430322.14999999997,Extreme Greed,78.0
2024-12-09,1,3165.499513,465004.83,Extreme Greed,78.0
2024-12-09,2,794.968421,88622.7,Extreme Greed,78.0
2024-12-10,0,3986.312514,700941.13,Extreme Greed,78.0
2024-12-10,1,27581.547903,1744858.76,Extreme Greed,78.0
2024-12-10,2,7757.909814,704624.19,Extreme Greed,78.0
2024-12-11,0,1083.777057,699939.4299999999,Greed,74.0
2024-12-11,1,301244.634639,926539.18,Greed,74.0
2024-12-11,2,16723.142521,567619.72,Greed,74.0
2024-12-12,0,0.0,676443.23,Extreme Greed,83.0
2024-12-12,1,585961.468526,3174269.19,Extreme Greed,83.0
2024-12-12,2,11427.866482,615213.8,Extreme Greed,83.0
2024-12-12,3,1762.46,91263.65,Extreme Greed,83.0
2024-12-13,0,6790.274613,1015080.35,Extreme Greed,76.0
2024-12-13,1,13197.641827,982303.54,Extreme Greed,76.0
2024-12-13,2,11947.985305,794884.35,Extreme Greed,76.0
2024-12-13,3,0.0,88556.4,Extreme Greed,76.0
2024-12-14,0,570.1898180000001,199648.91,Extreme Greed,83.0
2024-12-14,1,125130.933763,1707034.91,Extreme Greed,83.0
2024-12-14,2,42100.275663,375061.03,Extreme Greed,83.0
2024-12-14,3,0.0,87816.93,Extreme Greed,83.0
2024-12-15,0,263.914304,417673.66,Extreme Greed,80.0
2024-12-15,1,60981.665056,1093340.86,Extreme Greed,80.0
2024-12-15,2,36279.735919,1049755.29,Extreme Greed,80.0
2024-12-15,3,0.0,22500.0,Extreme Greed,80.0
2024-12-16,0,0.0,879655.69,Extreme Greed,83.0
2024-12-16,1,143965.610934,1589980.4,Extreme Greed,83.0
2024-12-16,2,22808.733199,207138.33000000002,Extreme Greed,83.0
2024-12-16,3,0.0,64034.549999999996,Extreme Greed,83.0
2024-12-17,0,0.0,179998.07,Extreme Greed,87.0
2024-12-17,1,192530.274925,2804795.5,Extreme Greed,87.0
2024-12-17,2,27033.392886999998,313982.73,Extreme Greed,87.0
2024-12-17,3,27.63736,1934821.33,Extreme Greed,87.0
2024-12-18,0,-4627.220257,1746481.42,Extreme Greed,81.0
2024-12-18,1,10741.97917,1402716.78,Extreme Greed,81.0
2024-12-18,2,7568.2357600000005,414701.94,Extreme Greed,81.0
2024-12-18,3,0.0,234986.93,Extreme Greed,81.0
2024-12-19,0,1582.2032900000002,1163535.79,Extreme Greed,75.0
2024-12-19,1,35101.336663,5608234.1,Extreme Greed,75.0
2024-12-19,2,23830.943303,1425111.44,Extreme Greed,75.0
2024-12-19,3,2229.5212300000003,44828.06,Extreme Greed,75.0
2024-12-20,0,0.0,222287.61,Greed,74.0
2024-12-20,1,153371.675645,4105108.69,Greed,74.0
2024-12-20,2,101597.984394,3238486.41,Greed,74.0
2024-12-20,3,0.0,115392.0,Greed,74.0
2024-12-21,0,1367.500173,1011186.0700000001,Greed,73.0
2024-12-21,1,113526.794765,3216859.17,Greed,73.0
2024-12-21,2,35127.868218999996,154829.88,Greed,73.0
2024-12-22,0,0.0,130010.22,Greed,73.0
2024-12-22,1,23587.30964,1072137.72,Greed,73.0
2024-12-22,2,1063.854341,401522.29,Greed,73.0
2024-12-22,3,327545.999992,1483649.99,Greed,73.0
2024-12-23,0,0.0,339151.52,Greed,70.0
2024-12-23,1,-55521.558443999995,5111468.51,Greed,70.0
2024-12-23,2,14007.981867,1174298.46,Greed,70.0
2024-12-23,3,12082.95,146959.77,Greed,70.0
2024-12-24,0,2081.2674110000003,936313.54,Greed,73.0
2024-12-24,1,-3971.328758,375242.47,Greed,73.0
2024-12-24,2,16703.841463,425292.58999999997,Greed,73.0
2024-12-24,3,0.0,30187.510000000002,Greed,73.0
2024-12-25,0,0.0,69999.20999999999,Greed,73.0
2024-12-25,1,471.1949979999998,199467.52,Greed,73.0
2024-12-25,2,285.462049,49745.62,Greed,73.0
2024-12-25,3,0.0,28677.0,Greed,73.0
2024-12-26,0,7617.597338,442414.11,Extreme Greed,79.0
2024-12-26,1,13576.630797,1545359.52,Extreme Greed,79.0
2024-12-26,2,39034.411587,217469.02,Extreme Greed,79.0
2024-12-27,0,0.0,70037.56,Greed,74.0
2024-12-27,1,388.366016,16192.77,Greed,74.0
2024-12-27,2,2284.445019,204982.66,Greed,74.0
2024-12-27,3,0.0,56700.01,Greed,74.0
2024-12-28,0,16.972942,110053.39,Greed,72.0
2024-12-28,1,506.451791,10825.55,Greed,72.0
2024-12-28,2,417.24889,78856.33,Greed,72.0
2024-12-28,3,0.0,81819.74,Greed,72.0
2024-12-29,0,390.062046,79594.51,Greed,73.0
2024-12-29,1,115.51218300000001,4793.72,Greed,73.0
2024-12-29,2,2378.4936979999998,190152.53,Greed,73.0
2024-12-29,3,0.0,70087.78,Greed,73.0
2024-12-30,0,4235.298688000001,564189.77,Greed,65.0
2024-12-30,1,255.808312,139497.44,Greed,65.0
2024-12-30,2,4518.631137,334294.93,Greed,65.0
2024-12-30,3,0.0,35883.59,Greed,65.0
2024-12-31,0,2301.21954,492219.79,Greed,64.0
2024-12-31,1,496.221792,119958.51,Greed,64.0
2024-12-31,2,2647.571478,264986.32,Greed,64.0
2025-01-01,0,0.0,49999.51,Greed,66.0
2025-01-01,1,109.82694000000001,15537.51,Greed,66.0
2025-01-01,2,-9637.892285,217045.08,Greed,66.0
2025-01-02,0,2399.9471460000004,372066.43,Greed,70.0
2025-01-02,1,461.633673,57601.42,Greed,70.0
2025-01-02,2,5854.938268,318324.41,Greed,70.0
2025-01-02,3,0.0,26682.58,Greed,70.0
2025-01-03,0,3084.287743,462922.45,Greed,74.0
2025-01-03,1,1159.753621,69586.29,Greed,74.0
2025-01-03,2,1784.445429,202305.75,Greed,74.0
2025-01-03,3,0.0,36394.5,Greed,74.0
2025-01-04,0,0.0,99999.72,Greed,73.0
2025-01-04,1,1923.2831410000001,54227.45,Greed,73.0
2025-01-04,2,630.254827,38323.56,Greed,73.0
2025-01-04,3,0.0,1633478.89,Greed,73.0
2025-01-05,0,890.33157,369118.91000000003,Greed,72.0
2025-01-05,1,1195.73627,29942.44,Greed,72.0
2025-01-05,2,1101.651523,29972.72,Greed,72.0
2025-01-05,3,0.0,22909.5,Greed,72.0
2025-01-06,0,3575.442423,343551.17,Extreme Greed,76.0
2025-01-06,1,668.2664589999999,92437.14,Extreme Greed,76.0
2025-01-06,2,1820.4765109999998,47767.47,Extreme Greed,76.0
2025-01-06,3,0.0,72771.21,Extreme Greed,76.0
2025-01-07,0,0.0,473733.88,Extreme Greed,78.0
2025-01-07,1,4602.263445,147999.85,Extreme Greed,78.0
2025-01-07,2,11495.964086,691444.37,Extreme Greed,78.0
2025-01-08,0,0.0,308657.88,Greed,70.0
2025-01-08,1,1954.597118,248294.17,Greed,70.0
2025-01-08,2,6111.626452,1075423.5,Greed,70.0
2025-01-08,3,122050.866984,1544899.63,Greed,70.0
2025-01-09,1,695.4102409999999,174701.13,Greed,69.0
2025-01-09,2,35632.541661,807468.14,Greed,69.0
2025-01-09,3,10647.977,38563.98,Greed,69.0
2025-01-10,0,-36229.641811,5895084.66,Neutral,50.0
2025-01-10,1,1590.785212,170838.99,Neutral,50.0
2025-01-10,2,24521.981047,481526.03,Neutral,50.0
2025-01-11,0,1559.841529,1555106.23,Greed,69.0
2025-01-11,1,640.303093,64103.9,Greed,69.0
2025-01-11,2,68.93591400000003,38888.58,Greed,69.0
2025-01-12,0,736.621517,1855292.07,Greed,62.0
2025-01-12,1,274.773033,33112.51,Greed,62.0
2025-01-12,2,4730.847253,370054.59,Greed,62.0
2025-01-13,0,1756.982034,2347576.77,Greed,61.0
2025-01-13,1,2114.009555,98631.88,Greed,61.0
2025-01-13,2,5784.437763,490439.36,Greed,61.0
2025-01-14,0,1878.804638,631744.81,Greed,63.0
2025-01-14,1,6079.795448,139234.32,Greed,63.0
2025-01-14,2,8110.912269,105602.84,Greed,63.0
2025-01-15,0,7470.003118,1561822.32,Greed,70.0
2025-01-15,1,5745.979541,47480.71,Greed,70.0
2025-01-15,2,1603.605641,95386.86,Greed,70.0
2025-01-15,3,0.0,96910.0,Greed,70.0
2025-01-16,0,5170.4237570000005,2726066.91,Extreme Greed,75.0
2025-01-16,1,1354.541876,63114.21,Extreme Greed,75.0
2025-01-16,2,14282.743695000001,215260.08,Extreme Greed,75.0
2025-01-16,3,0.0,45251.76,Extreme Greed,75.0
2025-01-17,0,811.1445319999999,640726.49,Extreme Greed,75.0
2025-01-17,1,289.88279,24045.0,Extreme Greed,75.0
2025-01-17,2,5905.388286,445458.97000000003,Extreme Greed,75.0
2025-01-18,0,4078.848863,1881041.4000000001,Extreme Greed,77.0
2025-01-18,1,9043.725747,358030.2,Extreme Greed,77.0
2025-01-18,2,-12679.341528,472558.27999999997,Extreme Greed,77.0
2025-01-19,0,3253.260003,2215874.55,Extreme Greed,77.0
2025-01-19,1,4483.328131,82727.69,Extreme Greed,77.0
2025-01-19,2,8793.24707,2110519.44,Extreme Greed,77.0
2025-01-19,3,71393.964098,5306093.62,Extreme Greed,77.0
2025-01-20,0,7466.841136,5798129.04,Extreme Greed,76.0
2025-01-20,1,-2483.301457,242724.05,Extreme Greed,76.0
2025-01-20,2,42075.099496,1767043.93,Extreme Greed,76.0
2025-01-20,3,40218.599998,479429.99,Extreme Greed,76.0
2025-01-21,0,2953.3108039999997,1305394.74,Extreme Greed,76.0
2025-01-21,1,4970.599412,203285.0,Extreme Greed,76.0
2025-01-21,2,3153.929205,15050.08,Extreme Greed,76.0
2025-01-22,0,2971.896355,1064843.07,Extreme Greed,84.0
2025-01-22,1,1546.128105,316714.41,Extreme Greed,84.0
2025-01-22,2,16006.383597,396848.95,Extreme Greed,84.0
2025-01-23,0,6749.1349199999995,1475987.52,Extreme Greed,75.0
2025-01-23,1,32824.065731,437304.89,Extreme Greed,75.0
2025-01-23,2,61683.041509,1783736.25,Extreme Greed,75.0
2025-01-24,0,1707.06994,615921.78,Extreme Greed,75.0
2025-01-24,1,2744.491663,122204.06,Extreme Greed,75.0
2025-01-24,2,6151.218135,868789.81,Extreme Greed,75.0
2025-01-24,3,0.0,4517.8,Extreme Greed,75.0
2025-01-25,0,446.44485399999996,404746.0,Extreme Greed,75.0
2025-01-25,1,1357.448363,123384.05,Extreme Greed,75.0
2025-01-25,2,-12151.909473,655505.65,Extreme Greed,75.0
2025-01-25,3,0.0,55742.0,Extreme Greed,75.0
2025-01-26,1,1729.884524,141521.24,Greed,73.0
2025-01-26,2,38830.632143999996,967692.63,Greed,73.0
2025-01-26,3,262.95,91959.79000000001,Greed,73.0
2025-01-27,0,0.0,497556.79,Greed,71.0
2025-01-27,1,4939.965723,481584.54,Greed,71.0
2025-01-27,2,36391.799669,517586.98,Greed,71.0
2025-01-27,3,0.0,11300.0,Greed,71.0
2025-01-28,1,7979.542676,236211.12,Greed,72.0
2025-01-28,2,8525.281297,229782.51,Greed,72.0
2025-01-28,3,1474.79,113418.54,Greed,72.0
2025-01-29,1,1345.882757,105927.92,Greed,72.0
2025-01-29,2,22075.128713,1791585.49,Greed,72.0
2025-01-30,0,3278.847724,1596026.23,Greed,70.0
2025-01-30,1,4810.248004,921848.64,Greed,70.0
2025-01-30,2,15008.375657,496522.3,Greed,70.0
2025-01-31,0,975.654751,810395.77,Extreme Greed,76.0
2025-01-31,1,13769.770705,732872.2,Extreme Greed,76.0
2025-01-31,2,21122.871317,1240143.51,Extreme Greed,76.0
2025-02-01,0,0.0,90002.76,Greed,68.0
2025-02-01,1,20913.799908,356599.67,Greed,68.0
2025-02-01,2,11386.405109,917144.01,Greed,68.0
2025-02-02,0,0.0,762553.84,Greed,60.0
2025-02-02,1,68329.053678,1036475.69,Greed,60.0
2025-02-02,2,17815.705945,1972618.2,Greed,60.0
2025-02-02,3,76710.0,1889444.56,Greed,60.0
2025-02-03,1,56621.779497,1364898.32,Fear,44.0
2025-02-03,2,191237.861108,1433459.39,Fear,44.0
2025-02-03,3,101011.685664,19794543.66,Fear,44.0
2025-02-04,0,6403.5061239999995,858959.52,Greed,72.0
2025-02-04,1,22825.294113,2909622.5,Greed,72.0
2025-02-04,2,12027.81764,6278606.37,Greed,72.0
2025-02-04,3,375620.270243,5631220.88,Greed,72.0
2025-02-05,0,0.0,149967.24,Neutral,54.0
2025-02-05,1,10414.714293,2184215.42,Neutral,54.0
2025-02-05,2,1890.615469,826185.54,Neutral,54.0
2025-02-05,3,44400.9058,5582863.31,Neutral,54.0
2025-02-06,0,440.753133,300413.94,Neutral,49.0
2025-02-06,1,55452.412725,1360236.82,Neutral,49.0
2025-02-06,2,-22089.366125,1157858.1099999999,Neutral,49.0
2025-02-07,0,3691.30885,526723.87,Fear,44.0
2025-02-07,1,11515.001766,1821815.77,Fear,44.0
2025-02-07,2,1628.6393730000002,652866.51,Fear,44.0
2025-02-07,3,5615.052102,458857.39,Fear,44.0
2025-02-08,0,0.0,179986.01,Fear,44.0
2025-02-08,1,272.329721,308321.8,Fear,44.0
2025-02-08,2,314.373532,299813.58999999997,Fear,44.0
2025-02-08,3,0.0,51613.57,Fear,44.0
2025-02-09,0,866.203569,270878.47000000003,Neutral,46.0
2025-02-09,1,116523.421114,375965.38,Neutral,46.0
2025-02-09,2,2265.116109,841366.92,Neutral,46.0
2025-02-09,3,30897.0887,1432708.93,Neutral,46.0
2025-02-10,0,2069.55836,1215549.97,Fear,43.0
2025-02-10,1,5702.414927,578401.97,Fear,43.0
2025-02-10,2,1050.521363,240499.56,Fear,43.0
2025-02-10,3,55086.0,1590506.94,Fear,43.0
2025-02-11,0,1353.604398,704543.29,Neutral,47.0
2025-02-11,1,3421.25273,651411.43,Neutral,47.0
2025-02-11,2,-10868.641945,633989.44,Neutral,47.0
2025-02-11,3,0.0,807600.01,Neutral,47.0
2025-02-12,0,5212.729861,1243390.53,Neutral,46.0
2025-02-12,1,10910.573941,632618.9,Neutral,46.0
2025-02-12,2,-19070.47917,1807717.16,Neutral,46.0
2025-02-12,3,22795.8104,460247.95,Neutral,46.0
2025-02-13,0,2205.413149,402796.16,Neutral,50.0
2025-02-13,1,6878.260273,1371784.48,Neutral,50.0
2025-02-13,2,18745.860816,1425271.57,Neutral,50.0
2025-02-14,0,197177.188135,2076677.77,Neutral,48.0
2025-02-14,1,-998.600265,940551.51,Neutral,48.0
2025-02-14,2,17682.087438000002,949632.45,Neutral,48.0
2025-02-14,3,0.0,40241.69,Neutral,48.0
2025-02-15,0,3884.0032459999998,476361.68,Neutral,50.0
2025-02-15,1,4528.170027,606916.79,Neutral,50.0
2025-02-15,2,36630.753737,618174.48,Neutral,50.0
2025-02-15,3,0.0,11400.0,Neutral,50.0
2025-02-16,0,314.96786,360143.82,Neutral,54.0
2025-02-16,1,1201.394767,298656.7,Neutral,54.0
2025-02-16,2,853.1157979999999,137477.12,Neutral,54.0
2025-02-16,3,0.0,9900.0,Neutral,54.0
2025-02-17,0,1204.110761,1460525.66,Neutral,51.0
2025-02-17,1,530.633286,433614.17,Neutral,51.0
2025-02-17,2,83.829248,136904.81,Neutral,51.0
2025-02-18,0,1670.219701,580438.45,Neutral,47.0
2025-02-18,1,82104.046024,2163284.65,Neutral,47.0
2025-02-18,2,7430.406678,621094.59,Neutral,47.0
2025-02-18,3,0.0,6310.99,Neutral,47.0
2025-02-19,0,3512.2119079999998,942394.5599999999,Fear,44.0
2025-02-19,1,10613.85933,1943355.36,Fear,44.0
2025-02-19,2,859.723463,378180.32,Fear,44.0
2025-02-20,0,1829.292797,1540266.49,Neutral,49.0
2025-02-20,1,39227.041365,2036932.7,Neutral,49.0
2025-02-20,2,4952.45994,1051410.1,Neutral,49.0
2025-02-21,0,5993.575314,1294008.56,Greed,55.0
2025-02-21,1,11548.963415,1525271.25,Greed,55.0
2025-02-21,2,20033.911861,763507.5499999999,Greed,55.0
2025-02-21,3,82117.04336,389372.52,Greed,55.0
2025-02-22,0,1287.143384,1521306.46,Neutral,49.0
2025-02-22,1,7448.593692,334755.58,Neutral,49.0
2025-02-22,2,16542.967102,1304974.83,Neutral,49.0
2025-02-22,3,0.0,14533.33,Neutral,49.0
2025-02-23,0,109.68322,279927.15,Neutral,50.0
2025-02-23,1,9421.067349,342264.0,Neutral,50.0
2025-02-23,2,1126.183682,519119.59,Neutral,50.0
2025-02-24,0,1925.839355,461880.54,Neutral,49.0
2025-02-24,1,23968.706533,8078582.76,Neutral,49.0
2025-02-24,2,2423.508114,1079651.83,Neutral,49.0
2025-02-24,3,10152.12224,1603504.46,Neutral,49.0
2025-02-25,0,0.0,997556.48,Fear,25.0
2025-02-25,1,-16717.211101,13065258.51,Fear,25.0
2025-02-25,2,24257.277497,2188187.64,Fear,25.0
2025-02-25,3,197222.110638,3163981.73,Fear,25.0
2025-02-26,1,26379.326083,3982910.06,Extreme Fear,21.0
2025-02-26,2,28619.737046,940338.07,Extreme Fear,21.0
2025-02-26,3,8230.0,23710.0,Extreme Fear,21.0
2025-02-27,1,2958.706771,1069314.18,Extreme Fear,10.0
2025-02-27,2,-48001.639788,903814.73,Extreme Fear,10.0
2025-02-27,3,8517.7655,26769.52,Extreme Fear,10.0
2025-02-28,0,-72.202951,5148.04,Extreme Fear,16.0
2025-02-28,1,496.9469880000002,684141.79,Extreme Fear,16.0
2025-02-28,2,94215.864711,1926671.43,Extreme Fear,16.0
2025-02-28,3,130987.5,1507699.51,Extreme Fear,16.0
2025-03-01,1,1004.294433,101720.05,Extreme Fear,20.0
2025-03-01,2,109.593094,16664.18,Extreme Fear,20.0
2025-03-01,3,9482.221441,145439.9,Extreme Fear,20.0
2025-03-02,0,45801.669773,4970563.56,Fear,26.0
2025-03-02,1,11532.374979,354646.31,Fear,26.0
2025-03-02,2,-1334.9360439999998,1101487.86,Fear,26.0
2025-03-02,3,10915.212,34151.01,Fear,26.0
2025-03-03,0,1671.6795,844277.22,Fear,33.0
2025-03-03,1,3471.239219,255430.62,Fear,33.0
2025-03-03,2,60048.023111,1718432.15,Fear,33.0
2025-03-03,3,551222.090403,5426450.39,Fear,33.0
2025-03-04,0,12581.59474,3720188.92,Extreme Fear,15.0
2025-03-04,1,-4716.665502,5401898.0,Extreme Fear,15.0
2025-03-04,2,5078.341237000001,1532498.4,Extreme Fear,15.0
2025-03-04,3,169132.29611,469661.83,Extreme Fear,15.0
2025-03-05,0,4777.3258670000005,3317737.09,Extreme Fear,20.0
2025-03-05,1,246992.729467,5191029.37,Extreme Fear,20.0
2025-03-05,2,17558.310583,684887.76,Extreme Fear,20.0
2025-03-06,0,8418.185784,5529883.03,Fear,25.0
2025-03-06,1,1590.992797,971176.37,Fear,25.0
2025-03-06,2,6091.94698,264265.56,Fear,25.0
2025-03-07,0,8622.166552,12747499.42,Fear,34.0
2025-03-07,1,96969.082658,5300654.83,Fear,34.0
2025-03-07,2,44644.812417,1801156.22,Fear,34.0
2025-03-07,3,0.0,4965.01,Fear,34.0
2025-03-08,0,0.0,120007.91,Fear,28.0
2025-03-08,1,5316.626833,428593.14,Fear,28.0
2025-03-08,2,7490.084678,249819.36,Fear,28.0
2025-03-08,3,11894.061848,93663.09999999999,Fear,28.0
2025-03-09,0,10760.578324,9165564.37,Fear,27.0
2025-03-09,1,4678.841771,940736.31,Fear,27.0
2025-03-09,2,4334.0373,185594.86,Fear,27.0
2025-03-09,3,0.0,127802.45,Fear,27.0
2025-03-10,0,23296.408167,10261437.55,Extreme Fear,20.0
2025-03-10,1,11597.229956,5506935.91,Extreme Fear,20.0
2025-03-10,2,-42223.665393,1019656.73,Extreme Fear,20.0
2025-03-10,3,-2680.0,23760.49,Extreme Fear,20.0
2025-03-11,0,-55477.017152,8104442.86,Extreme Fear,24.0
2025-03-11,1,3366.36134,4585811.0,Extreme Fear,24.0
2025-03-11,2,-34231.155512,1177446.94,Extreme Fear,24.0
2025-03-11,3,9461.082288,149251.29,Extreme Fear,24.0
2025-03-12,0,4544.583988,7272962.6,Fear,34.0
2025-03-12,1,298984.19387,9613002.19,Fear,34.0
2025-03-12,2,-15422.793642999999,1732174.3599999999,Fear,34.0
2025-03-13,0,9667.544464,1745373.15,Neutral,45.0
2025-03-13,1,5622.374792,1104842.5,Neutral,45.0
2025-03-13,2,-1175.0483829999998,435375.57,Neutral,45.0
2025-03-14,0,12228.126441,3873750.08,Fear,27.0
2025-03-14,1,39816.726158,4153822.95,Fear,27.0
2025-03-14,2,584.05178,9999.89,Fear,27.0
2025-03-14,3,16017.255710000001,9614.24,Fear,27.0
2025-03-15,0,1170.517718,2028808.52,Neutral,46.0
2025-03-15,1,1764.258791,127889.5,Neutral,46.0
2025-03-15,2,1466.184558,114766.71,Neutral,46.0
2025-03-15,3,74293.663505,84284.81,Neutral,46.0
2025-03-16,0,-16308.709851,9312416.82,Fear,30.0
2025-03-16,1,111.98182799999998,155033.91,Fear,30.0
2025-03-16,2,8285.784478,720470.78,Fear,30.0
2025-03-17,0,3033.115216,2153853.46,Fear,32.0
2025-03-17,1,1036.432916,407621.42,Fear,32.0
2025-03-17,2,22094.358381000002,1031420.1699999999,Fear,32.0
2025-03-18,0,6949.565387,2243883.92,Fear,34.0
2025-03-18,1,2157.0952,373843.67,Fear,34.0
2025-03-18,2,200.15173199999998,1317943.03,Fear,34.0
2025-03-18,3,63015.976505,114984.85,Fear,34.0
2025-03-19,0,14711.128934,1204945.17,Fear,32.0
2025-03-19,1,5308.404542,1669589.37,Fear,32.0
2025-03-19,2,9355.148865,1385608.05,Fear,32.0
2025-03-19,3,0.0,338670.98,Fear,32.0
2025-03-20,0,3903.998072,228817.2,Neutral,49.0
2025-03-20,1,352.228621,520824.58,Neutral,49.0
2025-03-20,2,5990.632743,902616.15,Neutral,49.0
2025-03-21,0,829.63013,1735481.56,Fear,31.0
2025-03-21,1,4866.74112,637202.96,Fear,31.0
2025-03-21,2,1254.899124,171218.87,Fear,31.0
2025-03-22,0,58.007635,300062.0,Fear,32.0
2025-03-22,1,1728.5110439999999,527629.1799999999,Fear,32.0
2025-03-22,2,10712.016575,144118.24,Fear,32.0
2025-03-23,0,1042.04782,1677298.77,Fear,30.0
2025-03-23,1,1140.18364,205398.77,Fear,30.0
2025-03-23,2,11865.190125000001,710822.13,Fear,30.0
2025-03-24,0,0.0,59998.869999999995,Neutral,45.0
2025-03-24,1,7931.1003,873251.01,Neutral,45.0
2025-03-24,2,59747.861001,1686137.17,Neutral,45.0
2025-03-24,3,40200.0,398200.0,Neutral,45.0
2025-03-25,0,-618.576516,3473200.47,Neutral,46.0
2025-03-25,1,2668.45275,433690.81,Neutral,46.0
2025-03-25,2,29981.030546,1366101.51,Neutral,46.0
2025-03-25,3,0.0,99526.98,Neutral,46.0
2025-03-26,0,206.39355600000002,1197759.1099999999,Neutral,47.0
2025-03-26,1,-3058.1686940000004,4831952.27,Neutral,47.0
2025-03-26,2,18653.942565,1568042.99,Neutral,47.0
2025-03-27,0,4329.319769,943328.12,Fear,40.0
2025-03-27,1,20228.667925,1072438.66,Fear,40.0
2025-03-27,2,34267.371527,1224512.68,Fear,40.0
2025-03-28,0,1470.407794,360417.46,Fear,44.0
2025-03-28,1,3437.80633,660338.65,Fear,44.0
2025-03-28,2,16428.965211,462336.5,Fear,44.0
2025-03-29,0,0.0,219994.47999999998,Fear,26.0
2025-03-29,1,-2904.2875270000004,2897799.11,Fear,26.0
2025-03-29,2,15003.160458,550358.24,Fear,26.0
2025-03-30,0,685.277142,1336904.74,Fear,32.0
2025-03-30,1,59.99604799999996,1186136.35,Fear,32.0
2025-03-30,2,15049.84195,327833.87,Fear,32.0
2025-03-31,0,2112.5276,722103.27,Fear,34.0
2025-03-31,1,137.745398,371399.1,Fear,34.0
2025-03-31,2,4727.911558999999,1071270.1,Fear,34.0
2025-04-01,0,1402.082488,320907.87,Fear,34.0
2025-04-01,1,915.79768,60256.25,Fear,34.0
2025-04-01,2,-4520.54241,323281.07,Fear,34.0
2025-04-02,0,0.0,19999.7,Fear,44.0
2025-04-02,1,190627.201698,2972821.05,Fear,44.0
2025-04-02,2,11585.53924,875109.85,Fear,44.0
2025-04-03,0,361.071464,1071647.24,Fear,25.0
2025-04-03,1,649.8448219999999,4920449.47,Fear,25.0
2025-04-03,2,-3376.877562,2678136.44,Fear,25.0
2025-04-04,0,4591.427138999999,526242.28,Fear,28.0
2025-04-04,1,8182.157253,1329013.32,Fear,28.0
2025-04-04,2,-38289.263342,1980290.13,Fear,28.0
2025-04-05,0,611.49348,188562.78,Fear,30.0
2025-04-05,1,1290.810891,121560.11,Fear,30.0
2025-04-05,2,34005.033339,957441.3300000001,Fear,30.0
2025-04-06,0,254.093244,657567.9,Fear,34.0
2025-04-06,1,2445.8233020000002,1645409.19,Fear,34.0
2025-04-06,2,44353.532726,1248274.97,Fear,34.0
2025-04-07,0,-36708.718076,3800943.79,Extreme Fear,23.0
2025-04-07,1,-22814.180546,2666245.62,Extreme Fear,23.0
2025-04-07,2,94050.268927,7993063.73,Extreme Fear,23.0
2025-04-08,0,25182.671158,7555872.36,Extreme Fear,24.0
2025-04-08,1,12046.460006,310471.99,Extreme Fear,24.0
2025-04-08,2,-2329.736366,811947.06,Extreme Fear,24.0
2025-04-08,3,0.0,191099.99,Extreme Fear,24.0
2025-04-09,0,-3577.1426690000008,8465878.6,Extreme Fear,18.0
2025-04-09,1,3098.617018,292057.23,Extreme Fear,18.0
2025-04-09,2,9618.970447999998,16484898.32,Extreme Fear,18.0
2025-04-09,3,33980.0,3313972.32,Extreme Fear,18.0
2025-04-10,0,22790.500993999998,11929404.21,Fear,39.0
2025-04-10,1,5.634944999999975,328278.51,Fear,39.0
2025-04-10,2,126744.702036,16340000.47,Fear,39.0
2025-04-10,3,8720.984286,144270.1,Fear,39.0
2025-04-11,0,2705.9302139999995,7480438.8100000005,Fear,25.0
2025-04-11,1,943.811705,236659.75,Fear,25.0
2025-04-11,2,122756.737162,3447026.21,Fear,25.0
2025-04-11,3,0.0,155202.3,Fear,25.0
2025-04-12,0,88202.574738,51413575.77,Fear,43.0
2025-04-12,1,4369.098397,555140.91,Fear,43.0
2025-04-12,2,13539.117988,3260686.05,Fear,43.0
2025-04-12,3,304308.90341,685214.7599999999,Fear,43.0
2025-04-13,0,12590.64602,9308821.28,Neutral,45.0
2025-04-13,1,2767.943612,772697.76,Neutral,45.0
2025-04-13,2,37864.130358,4079435.75,Neutral,45.0
2025-04-13,3,-4526.698469,10200.0,Neutral,45.0
2025-04-14,0,8244.898215,8918970.39,Fear,31.0
2025-04-14,1,6364.595338,570380.22,Fear,31.0
2025-04-14,2,23222.94951,3582594.87,Fear,31.0
2025-04-14,3,7848.0,8027.5,Fear,31.0
2025-04-15,0,41521.061458000004,19456873.72,Fear,38.0
2025-04-15,1,1136.408245,215126.76,Fear,38.0
2025-04-15,2,23364.636579,1071503.36,Fear,38.0
2025-04-15,3,6335.6,8664.4,Fear,38.0
2025-04-16,0,41498.141783,34834928.66,Fear,29.0
2025-04-16,1,2138.949408,378083.7,Fear,29.0
2025-04-16,2,15223.239066,913360.03,Fear,29.0
2025-04-16,3,-228.59999999999923,376343.51,Fear,29.0
2025-04-17,0,1713.120195,914823.28,Fear,30.0
2025-04-17,1,3362.848614,962314.77,Fear,30.0
2025-04-17,2,351.951077,727413.46,Fear,30.0
2025-04-18,0,43400.145539,22316840.34,Fear,33.0
2025-04-18,1,2968.495296,914624.21,Fear,33.0
2025-04-18,2,1435.03582,716013.76,Fear,33.0
2025-04-18,3,-42923.271911,663172.15,Fear,33.0
2025-04-19,0,63095.768299999996,27631444.28,Fear,32.0
2025-04-19,1,1017.313713,1526220.55,Fear,32.0
2025-04-19,2,7837.495482,3498577.31,Fear,32.0
2025-04-19,3,0.0,50220.57,Fear,32.0
2025-04-20,0,0.0,8536086.3,Fear,37.0
2025-04-20,1,858.194472,165619.0,Fear,37.0
2025-04-20,2,6285.597814,3311270.15,Fear,37.0
2025-04-20,3,17916.54965,113118.6,Fear,37.0
2025-04-21,0,40231.633635,40163004.83,Fear,39.0
2025-04-21,1,1328.193434,139715.29,Fear,39.0
2025-04-21,2,1855.580838,1772382.22,Fear,39.0
2025-04-21,3,-9046.14,28952.5,Fear,39.0
2025-04-22,0,73209.060448,26170409.74,Neutral,47.0
2025-04-22,1,1294.93916,1948839.21,Neutral,47.0
2025-04-22,2,-15851.23603,5528376.28,Neutral,47.0
2025-04-22,3,0.0,106000.01,Neutral,47.0
2025-04-23,0,1656.211757,11516582.93,Greed,72.0
2025-04-23,1,-18683.129489,2386488.59,Greed,72.0
2025-04-23,2,-412141.759199,16506579.8,Greed,72.0
2025-04-23,3,10148.4512,272792.47000000003,Greed,72.0
2025-04-24,0,35332.403093,31757569.7,Greed,63.0
2025-04-24,1,3632.436004,527337.4,Greed,63.0
2025-04-24,2,15239.556868,2706511.58,Greed,63.0
2025-04-24,3,-3500.0,97499.96,Greed,63.0
2025-04-25,0,8410.75479,25328078.3,Greed,60.0
2025-04-25,1,5195.778141,584026.62,Greed,60.0
2025-04-25,2,9262.326275,1782300.89,Greed,60.0
2025-04-25,3,-2650.0,55049.97,Greed,60.0
2025-04-26,0,0.0,11004470.02,Greed,65.0
2025-04-26,1,413.04569299999997,171847.24,Greed,65.0
2025-04-26,2,-4538.799635,661182.55,Greed,65.0
2025-04-26,3,0.0,110627.96,Greed,65.0
2025-04-27,1,1935.5536920000002,243434.16,Greed,61.0
2025-04-27,2,766.513776,244103.53,Greed,61.0
2025-04-28,0,37973.605394,25087715.08,Neutral,54.0
2025-04-28,1,-1942.1789679999997,991237.21,Neutral,54.0
2025-04-28,2,875.387333,45969.2,Neutral,54.0
2025-04-29,0,117648.295306,31886938.4,Greed,60.0
2025-04-29,1,7957.826453,2048584.91,Greed,60.0
2025-04-29,2,143.491668,10609.449999999999,Greed,60.0
2025-04-29,3,0.0,143378.9,Greed,60.0
2025-04-30,0,5286.100993,11725441.93,Greed,56.0
2025-04-30,1,3027.923531,490800.04,Greed,56.0
2025-04-30,2,5689.772745,477636.88,Greed,56.0
2025-05-01,0,61765.051478,7673884.04,Neutral,53.0
2025-05-01,1,105091.55908400001,905336.6900000001,Neutral,53.0
2025-05-01,2,-112319.781265,2141019.79,Neutral,53.0
